gbifID,datasetKey,occurrenceID,kingdom,phylum,class,order,family,genus,species,infraspecificEpithet,taxonRank,scientificName,countryCode,locality,publishingOrgKey,decimalLatitude,decimalLongitude,coordinateUncertaintyInMeters,coordinatePrecision,elevation,elevationAccuracy,depth,depthAccuracy,eventDate,day,month,year,taxonKey,speciesKey,basisOfRecord,institutionCode,collectionCode,catalogNumber,recordNumber,identifiedBy,dateIdentified,license,rightsHolder,recordedBy,typeStatus,establishmentMeans,lastInterpreted,mediaType,issue
1920818601,50c9509d-22c7-4a22-a47d-8c48425ef4a7,https://www.inaturalist.org/observations/17307996,Animalia,Chordata,Mammalia,Primates,Lorisidae,Nycticebus,Nycticebus coucang,,SPECIES,"Nycticebus coucang (Boddaert, 1785)",MY,,28eb1a3f-1c15-4a95-931a-4af90ecb574d,2.721576,104.055845,31434,,,,,,2018-09-30T07:12:00Z,30,9,2018,2436629,2436629,HUMAN_OBSERVATION,iNaturalist,Observations,17307996,,,2018-10-08T04:12:11Z,CC_BY_NC_4_0,msoldn,msoldn,,,2018-12-09T01:31:32.016Z,STILLIMAGE,GEODETIC_DATUM_ASSUMED_WGS84;COORDINATE_ROUNDED
1920818548,50c9509d-22c7-4a22-a47d-8c48425ef4a7,https://www.inaturalist.org/observations/17307994,Animalia,Chordata,Mammalia,Primates,Lorisidae,Nycticebus,Nycticebus coucang,,SPECIES,"Nycticebus coucang (Boddaert, 1785)",MY,,28eb1a3f-1c15-4a95-931a-4af90ecb574d,2.692738,104.169644,31434,,,,,,2018-09-30T07:01:00Z,30,9,2018,2436629,2436629,HUMAN_OBSERVATION,iNaturalist,Observations,17307994,,,2018-10-08T04:12:11Z,CC_BY_NC_4_0,msoldn,msoldn,,,2018-12-09T01:31:31.995Z,STILLIMAGE,GEODETIC_DATUM_ASSUMED_WGS84;COORDINATE_ROUNDED
1919819919,7e380070-f762-11e1-a439-00145eb45e9a,0e3b32f9-9364-4bcc-8978-d0bc2b991c31,Animalia,Chordata,Mammalia,Primates,Lorisidae,Nycticebus,Nycticebus coucang,bengalensis,SUBSPECIES,Nycticebus coucang bengalensis,MM,"Kindat, 20 miles W. of, W. bank of  Chindwin R..",19456090-b49a-11d8-abeb-b8a03c50a862,23.7333,94.4333,,,243.84,,,,1914-12-25T00:00:00Z,25,12,1914,8955008,2436629,PRESERVED_SPECIMEN,NHMUK,ZOO,1982.561,,,,CC0_1_0,,J M. Mackenzie,,,2018-12-06T12:42:10.194Z,,GEODETIC_DATUM_ASSUMED_WGS84
1919819840,7e380070-f762-11e1-a439-00145eb45e9a,65f431c0-2296-4027-99e0-68ce5d81773e,Animalia,Chordata,Mammalia,Primates,Lorisidae,Nycticebus,Nycticebus coucang,bengalensis,SUBSPECIES,Nycticebus coucang bengalensis,MM,"Toungoo Estate, Thaundaung, 4500ft.",19456090-b49a-11d8-abeb-b8a03c50a862,19,96,,,,,,,,,,,8955008,2436629,PRESERVED_SPECIMEN,NHMUK,ZOO,1982.572,,,,CC0_1_0,,J M. Mackenzie,,,2018-12-06T12:42:10.006Z,,GEODETIC_DATUM_ASSUMED_WGS84
1919819836,7e380070-f762-11e1-a439-00145eb45e9a,2bf3016c-97ae-4fce-8384-1656576352c7,Animalia,Chordata,Mammalia,Primates,Lorisidae,Nycticebus,Nycticebus coucang,bengalensis,SUBSPECIES,Nycticebus coucang bengalensis,MM,"King's Island [Kadan Kyun], Mergui  Archipelago",19456090-b49a-11d8-abeb-b8a03c50a862,12.5,98.3667,,,,,,,1921-12-01T00:00:00Z,,12,1921,8955008,2436629,PRESERVED_SPECIMEN,NHMUK,ZOO,1982.571,,,,CC0_1_0,,Primrose,,,2018-12-06T12:42:10.077Z,,GEODETIC_DATUM_ASSUMED_WGS84
1919819735,7e380070-f762-11e1-a439-00145eb45e9a,d96af08f-82ca-4ff9-b629-8a5f0ed597ab,Animalia,Chordata,Mammalia,Primates,Lorisidae,Nycticebus,Nycticebus coucang,coucang,SUBSPECIES,Nycticebus coucang coucang,MY,Gunong Benon Base Camp.,19456090-b49a-11d8-abeb-b8a03c50a862,3.8333,102.1,,,243.84,,,,1967-03-29T00:00:00Z,29,3,1967,7262072,2436629,PRESERVED_SPECIMEN,NHMUK,ZOO,1977.2868,,,,CC0_1_0,,,,,2018-12-06T12:42:10.019Z,,GEODETIC_DATUM_ASSUMED_WGS84
1919819628,7e380070-f762-11e1-a439-00145eb45e9a,a8dae733-1c82-42ea-af15-f1b148eecd7b,Animalia,Chordata,Mammalia,Primates,Lorisidae,Nycticebus,Nycticebus coucang,bengalensis,SUBSPECIES,Nycticebus coucang bengalensis,MM,50 miles N. of Pegu.,19456090-b49a-11d8-abeb-b8a03c50a862,17.3333,96.4833,,,60.96,,,,1916-06-20T00:00:00Z,20,6,1916,8955008,2436629,PRESERVED_SPECIMEN,NHMUK,ZOO,1966.3927,,,,CC0_1_0,,J M. Mackenzie,,,2018-12-06T12:42:09.929Z,,GEODETIC_DATUM_ASSUMED_WGS84
1919819619,7e380070-f762-11e1-a439-00145eb45e9a,197faf63-50a3-4221-b8e4-9305824cbef8,Animalia,Chordata,Mammalia,Primates,Lorisidae,Nycticebus,Nycticebus coucang,bengalensis,SUBSPECIES,Nycticebus coucang bengalensis,MM,Bassein,19456090-b49a-11d8-abeb-b8a03c50a862,16.5,94.5,,,,,,,1919-11-22T00:00:00Z,22,11,1919,8955008,2436629,PRESERVED_SPECIMEN,NHMUK,ZOO,1966.3929,,,,CC0_1_0,,,,,2018-12-06T12:42:09.967Z,,GEODETIC_DATUM_ASSUMED_WGS84
1919819618,7e380070-f762-11e1-a439-00145eb45e9a,5004ad4d-1934-4d88-8870-bf3456c893fc,Animalia,Chordata,Mammalia,Primates,Lorisidae,Nycticebus,Nycticebus coucang,coucang,SUBSPECIES,Nycticebus coucang coucang,SG,Singapore / Malaysia ?,19456090-b49a-11d8-abeb-b8a03c50a862,1.2833,103.85,,,,,,,1917-10-15T00:00:00Z,15,10,1917,7262072,2436629,PRESERVED_SPECIMEN,NHMUK,ZOO,1966.3926,,,,CC0_1_0,,W S. Millard,,,2018-12-06T12:42:09.924Z,,GEODETIC_DATUM_ASSUMED_WGS84
1919819606,7e380070-f762-11e1-a439-00145eb45e9a,a8a0c189-4421-42b7-9254-5185b55f7aef,Animalia,Chordata,Mammalia,Primates,Lorisidae,Nycticebus,Nycticebus coucang,bengalensis,SUBSPECIES,Nycticebus coucang bengalensis,MM,Bassein,19456090-b49a-11d8-abeb-b8a03c50a862,16.5,94.5,,,,,,,1919-07-14T00:00:00Z,14,7,1919,8955008,2436629,PRESERVED_SPECIMEN,NHMUK,ZOO,1966.3928,,,,CC0_1_0,,,,,2018-12-06T12:42:09.957Z,,GEODETIC_DATUM_ASSUMED_WGS84
1919819519,7e380070-f762-11e1-a439-00145eb45e9a,344f7ed5-8b00-43f6-bb2b-4509e5ffc9a8,Animalia,Chordata,Mammalia,Primates,Lorisidae,Nycticebus,Nycticebus coucang,bengalensis,SUBSPECIES,Nycticebus coucang bengalensis,MM,"Paungdaw Power Station, hills N.E.  of, Tenasserim.",19456090-b49a-11d8-abeb-b8a03c50a862,14.0167,98.55,,,1066.8,,,,1961-06-19T00:00:00Z,19,6,1961,8955008,2436629,PRESERVED_SPECIMEN,NHMUK,ZOO,1963.149,,,,CC0_1_0,,J Keenan,,,2018-12-06T12:42:09.890Z,,PRESUMED_NEGATED_LATITUDE;GEODETIC_DATUM_ASSUMED_WGS84
1919819507,7e380070-f762-11e1-a439-00145eb45e9a,48c2b66d-3e69-4f97-b2b8-91f0dcb21718,Animalia,Chordata,Mammalia,Primates,Lorisidae,Nycticebus,Nycticebus coucang,bengalensis,SUBSPECIES,Nycticebus coucang bengalensis,MM,"forest N.W. of Paungdaw Power  Station, Tenasserim.",19456090-b49a-11d8-abeb-b8a03c50a862,14.0167,98.55,,,640.08,,,,1961-08-15T00:00:00Z,15,8,1961,8955008,2436629,PRESERVED_SPECIMEN,NHMUK,ZOO,1963.1487,,,,CC0_1_0,,J Keenan,,,2018-12-06T12:42:09.879Z,,GEODETIC_DATUM_ASSUMED_WGS84
1919819473,7e380070-f762-11e1-a439-00145eb45e9a,da542c64-103a-4077-8754-f038561f6926,Animalia,Chordata,Mammalia,Primates,Lorisidae,Nycticebus,Nycticebus coucang,bengalensis,SUBSPECIES,Nycticebus coucang bengalensis,MM,"forest S. of Paungdaw Power Station,  Tenasserim",19456090-b49a-11d8-abeb-b8a03c50a862,14.0167,98.55,,,731.52,,,,1961-07-25T00:00:00Z,25,7,1961,8955008,2436629,PRESERVED_SPECIMEN,NHMUK,ZOO,1963.1489,,,,CC0_1_0,,J Keenan,,,2018-12-06T12:42:09.909Z,,GEODETIC_DATUM_ASSUMED_WGS84
1919819457,7e380070-f762-11e1-a439-00145eb45e9a,45e4a08b-5d15-4429-b29f-5525951c2876,Animalia,Chordata,Mammalia,Primates,Lorisidae,Nycticebus,Nycticebus coucang,bengalensis,SUBSPECIES,Nycticebus coucang bengalensis,MM,"forest N.W. of Paungdaw Power  Station,Tenasserim",19456090-b49a-11d8-abeb-b8a03c50a862,14.0167,98.55,,,640.08,,,,1961-08-15T00:00:00Z,15,8,1961,8955008,2436629,PRESERVED_SPECIMEN,NHMUK,ZOO,1963.1488,,,,CC0_1_0,,J Keenan,,,2018-12-06T12:42:09.954Z,,GEODETIC_DATUM_ASSUMED_WGS84
1919819446,7e380070-f762-11e1-a439-00145eb45e9a,bce8a9c4-20c3-4031-909e-feee884bbdb7,Animalia,Chordata,Mammalia,Primates,Lorisidae,Nycticebus,Nycticebus coucang,coucang,SUBSPECIES,Nycticebus coucang coucang,MY,"Bukit Lagong Forest Reserve, Kepong,  Selangor",19456090-b49a-11d8-abeb-b8a03c50a862,3.25,101.6167,,,,,,,1949-08-11T00:00:00Z,11,8,1949,7262072,2436629,PRESERVED_SPECIMEN,NHMUK,ZOO,1961.1147,,,,CC0_1_0,,Lim Boo Liat,,,2018-12-06T12:42:09.950Z,,GEODETIC_DATUM_ASSUMED_WGS84
1919819414,7e380070-f762-11e1-a439-00145eb45e9a,9d9a2c47-a93d-421a-b007-8bbb61c2cd1d,Animalia,Chordata,Mammalia,Primates,Lorisidae,Nycticebus,Nycticebus coucang,coucang,SUBSPECIES,Nycticebus coucang coucang,MY,"Bukit Gantong [Gantang], Perak,   Malaya",19456090-b49a-11d8-abeb-b8a03c50a862,4.7833,100.7667,,,,,,,1911-03-20T00:00:00Z,20,3,1911,7262072,2436629,PRESERVED_SPECIMEN,NHMUK,ZOO,1955.1592,,,,CC0_1_0,,C B Kloss,,,2018-12-06T12:42:09.837Z,,GEODETIC_DATUM_ASSUMED_WGS84
1919819412,7e380070-f762-11e1-a439-00145eb45e9a,f20b18df-c689-4a51-ab43-db76d18e2d37,Animalia,Chordata,Mammalia,Primates,Lorisidae,Nycticebus,Nycticebus coucang,coucang,SUBSPECIES,Nycticebus coucang coucang,MY,"Telok Bahang, Penang Island  [Pinang],Malaya",19456090-b49a-11d8-abeb-b8a03c50a862,5.4667,100.2167,,,,,,,1911-03-13T00:00:00Z,13,3,1911,7262072,2436629,PRESERVED_SPECIMEN,NHMUK,ZOO,1955.1594,,,,CC0_1_0,,C B Kloss,,,2018-12-06T12:42:09.919Z,,GEODETIC_DATUM_ASSUMED_WGS84
1919819385,7e380070-f762-11e1-a439-00145eb45e9a,836d6ce8-3283-41d1-bc50-42fa50ac43f7,Animalia,Chordata,Mammalia,Primates,Lorisidae,Nycticebus,Nycticebus coucang,coucang,SUBSPECIES,Nycticebus coucang coucang,MY,"Changkat Mentri [Sungai Changkat  Menteri], Perak,Malaya",19456090-b49a-11d8-abeb-b8a03c50a862,3.7167,101.25,,,,,,,,,,,7262072,2436629,PRESERVED_SPECIMEN,NHMUK,ZOO,1955.1593,,,,CC0_1_0,,C B Kloss,,,2018-12-06T12:42:09.788Z,,GEODETIC_DATUM_ASSUMED_WGS84
1919819353,7e380070-f762-11e1-a439-00145eb45e9a,1d5914c1-f4d4-49ad-836f-a8853f1dd312,Animalia,Chordata,Mammalia,Primates,Lorisidae,Nycticebus,Nycticebus coucang,coucang,SUBSPECIES,Nycticebus coucang coucang,MY,"Pulo [Pulau] Pangkor, Dindings,  Perak, Malaya",19456090-b49a-11d8-abeb-b8a03c50a862,4.2167,100.5667,,,,,,,1909-09-16T00:00:00Z,16,9,1909,7262072,2436629,PRESERVED_SPECIMEN,NHMUK,ZOO,1955.1591,,,,CC0_1_0,,C B Kloss,,,2018-12-06T12:42:09.784Z,,GEODETIC_DATUM_ASSUMED_WGS84
1919819346,7e380070-f762-11e1-a439-00145eb45e9a,9a156407-9699-4a66-9645-59dd1a69decd,Animalia,Chordata,Mammalia,Primates,Lorisidae,Nycticebus,Nycticebus coucang,coucang,SUBSPECIES,Nycticebus coucang coucang,MY,"Ulu Gombok, Selangor, Malaya",19456090-b49a-11d8-abeb-b8a03c50a862,3.3,101.7833,,,487.68,,,,1909-09-12T00:00:00Z,12,9,1909,7262072,2436629,PRESERVED_SPECIMEN,NHMUK,ZOO,1955.159,,,,CC0_1_0,,C B Kloss,,,2018-12-06T12:42:09.862Z,,GEODETIC_DATUM_ASSUMED_WGS84
1919819230,7e380070-f762-11e1-a439-00145eb45e9a,f757b535-2a88-41e8-ade5-599fcff53d8c,Animalia,Chordata,Mammalia,Primates,Lorisidae,Nycticebus,Nycticebus coucang,bengalensis,SUBSPECIES,Nycticebus coucang bengalensis,MM,"Sumprabum, Upper Burma",19456090-b49a-11d8-abeb-b8a03c50a862,26.55,97.0667,,,,,,,,,,,8955008,2436629,PRESERVED_SPECIMEN,NHMUK,ZOO,1950.393,,,,CC0_1_0,,R Kaulback,,,2018-12-06T12:42:09.806Z,,GEODETIC_DATUM_ASSUMED_WGS84
1919819128,7e380070-f762-11e1-a439-00145eb45e9a,59a0db12-b95c-4183-a932-0ced6555ccf6,Animalia,Chordata,Mammalia,Primates,Lorisidae,Nycticebus,Nycticebus coucang,bengalensis,SUBSPECIES,Nycticebus coucang bengalensis,IN,"Naga Hills, Assam",19456090-b49a-11d8-abeb-b8a03c50a862,25,94,,,121.92,,,,1940-02-27T00:00:00Z,27,2,1940,8955008,2436629,PRESERVED_SPECIMEN,NHMUK,ZOO,1943.62,,,,CC0_1_0,,W J. Frost,,,2018-12-06T12:42:09.814Z,,GEODETIC_DATUM_ASSUMED_WGS84
1919818917,7e380070-f762-11e1-a439-00145eb45e9a,ac21900a-9a2b-4412-838b-6aeb5b3288db,Animalia,Chordata,Mammalia,Primates,Lorisidae,Nycticebus,Nycticebus coucang,coucang,SUBSPECIES,Nycticebus coucang coucang,ID,"Sibintang, Great Natuna Island  [Pulau Natuna Besar, Kepulauan Natuna Besar]",19456090-b49a-11d8-abeb-b8a03c50a862,4,108.25,,,,,,,,,,,7262072,2436629,PRESERVED_SPECIMEN,NHMUK,ZOO,1939.1313,,,,CC0_1_0,,C Hose,,,2018-12-06T12:42:09.658Z,,GEODETIC_DATUM_ASSUMED_WGS84
1919818892,7e380070-f762-11e1-a439-00145eb45e9a,7c418bfe-1431-4650-aa8c-9af27172c842,Animalia,Chordata,Mammalia,Primates,Lorisidae,Nycticebus,Nycticebus coucang,menagensis,SUBSPECIES,"Nycticebus coucang menagensis Trouessart, 1898",MY,"Matang Range, Sarawak.",19456090-b49a-11d8-abeb-b8a03c50a862,1.6,110.1833,,,914.4,,,,1937-04-16T00:00:00Z,16,4,1937,4267328,2436629,PRESERVED_SPECIMEN,NHMUK,ZOO,1937.7.2.3,,,,CC0_1_0,,W J. Frost,,,2018-12-06T12:42:09.606Z,,GEODETIC_DATUM_ASSUMED_WGS84
1919818890,7e380070-f762-11e1-a439-00145eb45e9a,d6476046-5c6e-43ed-a001-5eb081d749c2,Animalia,Chordata,Mammalia,Primates,Lorisidae,Nycticebus,Nycticebus coucang,bengalensis,SUBSPECIES,Nycticebus coucang bengalensis,VN,"LaoBao [Hue], Annam",19456090-b49a-11d8-abeb-b8a03c50a862,16.6167,106.6,,,,,,,,,,,8955008,2436629,PRESERVED_SPECIMEN,NHMUK,ZOO,1933.4.1.20,,,,CC0_1_0,,"W P. Lowe, J Delacour",,,2018-12-06T12:42:09.657Z,,GEODETIC_DATUM_ASSUMED_WGS84
1919818778,7e380070-f762-11e1-a439-00145eb45e9a,a3f4a12a-7a83-4519-8421-c0594d33f914,Animalia,Chordata,Mammalia,Primates,Lorisidae,Nycticebus,Nycticebus coucang,menagensis,SUBSPECIES,"Nycticebus coucang menagensis Trouessart, 1898",MY,"Matang Range, Sarawak.",19456090-b49a-11d8-abeb-b8a03c50a862,1.6,110.1833,,,914.4,,,,1937-04-16T00:00:00Z,16,4,1937,4267328,2436629,PRESERVED_SPECIMEN,NHMUK,ZOO,1937.7.2.2,,,,CC0_1_0,,W J. Frost,,,2018-12-06T12:42:09.531Z,,GEODETIC_DATUM_ASSUMED_WGS84
1919818702,7e380070-f762-11e1-a439-00145eb45e9a,4eed14d7-8750-4a52-8f1f-7a68d85cc084,Animalia,Chordata,Mammalia,Primates,Lorisidae,Nycticebus,Nycticebus coucang,coucang,SUBSPECIES,Nycticebus coucang coucang,ID,"Fort de Kock [= Bukittinggi],  W.coast of Sumatra.",19456090-b49a-11d8-abeb-b8a03c50a862,-0.3167,100.3667,,,920,,,,1926-04-09T00:00:00Z,9,4,1926,7262072,2436629,PRESERVED_SPECIMEN,NHMUK,ZOO,1926.5.4.1,,,,CC0_1_0,,E Jacobson,,,2018-12-06T12:42:09.454Z,,GEODETIC_DATUM_ASSUMED_WGS84
1919818666,7e380070-f762-11e1-a439-00145eb45e9a,956cdb1b-3746-4a95-a5a3-239881b7baa2,Animalia,Chordata,Mammalia,Primates,Lorisidae,Nycticebus,Nycticebus coucang,bengalensis,SUBSPECIES,Nycticebus coucang bengalensis,IN,"Kohima], Naga Hills, Assam",19456090-b49a-11d8-abeb-b8a03c50a862,25.6667,94.1167,,,,,,,,,,,8955008,2436629,PRESERVED_SPECIMEN,NHMUK,ZOO,1921.11.11.1,,,,CC0_1_0,,J H. Hutton,,,2018-12-06T12:42:09.486Z,,GEODETIC_DATUM_ASSUMED_WGS84
1919818655,7e380070-f762-11e1-a439-00145eb45e9a,ccc49180-79bf-4901-be4a-6e8228e3398b,Animalia,Chordata,Mammalia,Primates,Lorisidae,Nycticebus,Nycticebus coucang,bengalensis,SUBSPECIES,Nycticebus coucang bengalensis,IN,"Changpang, Naga Hills, Assam",19456090-b49a-11d8-abeb-b8a03c50a862,25,94,,,609.6,,,,1920-01-16T00:00:00Z,16,1,1920,8955008,2436629,PRESERVED_SPECIMEN,NHMUK,ZOO,1921.8.2.5,,,,CC0_1_0,,J P Mills,,,2018-12-06T12:42:09.444Z,,GEODETIC_DATUM_ASSUMED_WGS84
1919818643,7e380070-f762-11e1-a439-00145eb45e9a,047ec134-6429-4172-a5e4-d87bfc8f0512,Animalia,Chordata,Mammalia,Primates,Lorisidae,Nycticebus,Nycticebus coucang,menagensis,SUBSPECIES,"Nycticebus coucang menagensis Trouessart, 1898",MY,"Matang Range, Sarawak",19456090-b49a-11d8-abeb-b8a03c50a862,1.6,110.1833,,,914.4,,,,1937-04-16T00:00:00Z,16,4,1937,4267328,2436629,PRESERVED_SPECIMEN,NHMUK,ZOO,1937.7.2.4,,,,CC0_1_0,,W J. Frost,,,2018-12-06T12:42:09.481Z,,GEODETIC_DATUM_ASSUMED_WGS84
1919818637,7e380070-f762-11e1-a439-00145eb45e9a,36f4c977-1513-4aec-84dd-3d8775cadf00,Animalia,Chordata,Mammalia,Primates,Lorisidae,Nycticebus,Nycticebus coucang,bengalensis,SUBSPECIES,Nycticebus coucang bengalensis,LA,Xien Quang Koo (Xieng Khouang)  [Xiangkhouang].,19456090-b49a-11d8-abeb-b8a03c50a862,19,103,,,1219.2,,,,1925-12-24T00:00:00Z,24,12,1925,8955008,2436629,PRESERVED_SPECIMEN,NHMUK,ZOO,1926.10.4.8,,,,CC0_1_0,,"J Delacour, W P. Lowe",,,2018-12-06T12:42:09.434Z,,GEODETIC_DATUM_ASSUMED_WGS84
1919818608,7e380070-f762-11e1-a439-00145eb45e9a,787b7c7c-6b28-40d6-a5c5-207f2df0e59e,Animalia,Chordata,Mammalia,Primates,Lorisidae,Nycticebus,Nycticebus coucang,coucang,SUBSPECIES,Nycticebus coucang coucang,MY,"Juara Bay [Telok Juara, 02~48'N  104~13'E], or Sungei Nipa [Sungai Nipah, 02~44'N 104~08'E], Pulau  Tioman, E.Central Pahang",19456090-b49a-11d8-abeb-b8a03c50a862,2.76667,104.175,,,,,,,1915-07-19T00:00:00Z,19,7,1915,7262072,2436629,PRESERVED_SPECIMEN,NHMUK,ZOO,1921.11.8.1,,,,CC0_1_0,,Mr H C. Robinson,HOLOTYPE,,2018-12-06T12:42:09.482Z,,GEODETIC_DATUM_ASSUMED_WGS84
1919818504,7e380070-f762-11e1-a439-00145eb45e9a,7162bb5b-03c8-49a0-9d5c-ecebb63724ea,Animalia,Chordata,Mammalia,Primates,Lorisidae,Nycticebus,Nycticebus coucang,menagensis,SUBSPECIES,"Nycticebus coucang menagensis Trouessart, 1898",ID,"Poeroek Tjahoe [Puruktjau], Barito  River, S.Central Borneo.",19456090-b49a-11d8-abeb-b8a03c50a862,-0.5833,114.5833,,,35.05,,,,1909-09-06T00:00:00Z,6,9,1909,4267328,2436629,PRESERVED_SPECIMEN,NHMUK,ZOO,1910.4.5.24,,,,CC0_1_0,,G C. Shortridge,,,2018-12-06T12:42:09.375Z,,GEODETIC_DATUM_ASSUMED_WGS84
1919818418,7e380070-f762-11e1-a439-00145eb45e9a,040659c4-7e34-4c07-809c-07aa38efa247,Animalia,Chordata,Mammalia,Primates,Lorisidae,Nycticebus,Nycticebus coucang,bengalensis,SUBSPECIES,Nycticebus coucang bengalensis,TH,"Raheng [Tak], 10 Miles S.W. of, Siam",19456090-b49a-11d8-abeb-b8a03c50a862,16.8667,99.1333,,,121.92,,,,1913-02-19T00:00:00Z,19,2,1913,8955008,2436629,PRESERVED_SPECIMEN,NHMUK,ZOO,1914.6.18.7,,,,CC0_1_0,,,,,2018-12-06T12:42:09.432Z,,GEODETIC_DATUM_ASSUMED_WGS84
1919818298,7e380070-f762-11e1-a439-00145eb45e9a,75af6a80-d3ea-4e6f-8dfd-ca8a2a5e1f67,Animalia,Chordata,Mammalia,Primates,Lorisidae,Nycticebus,Nycticebus coucang,coucang,SUBSPECIES,Nycticebus coucang coucang,TH,"Kampong] Biserat, [R.Pattani],  Jalor, [? = Yala]",19456090-b49a-11d8-abeb-b8a03c50a862,6.5333,101.2333,,,,,,,1901-10-18T00:00:00Z,18,10,1901,7262072,2436629,PRESERVED_SPECIMEN,NHMUK,ZOO,1903.2.6.12,,,,CC0_1_0,,,,,2018-12-06T12:42:09.303Z,,GEODETIC_DATUM_ASSUMED_WGS84
1919818282,7e380070-f762-11e1-a439-00145eb45e9a,f062ce5e-dc48-45c5-aa70-0d602f67e63e,Animalia,Chordata,Mammalia,Primates,Lorisidae,Nycticebus,Nycticebus coucang,coucang,SUBSPECIES,Nycticebus coucang coucang,TH,"Jambu, Jhering [= Yarang]",19456090-b49a-11d8-abeb-b8a03c50a862,6.75,101.25,,,,,,,1901-06-07T00:00:00Z,7,6,1901,7262072,2436629,PRESERVED_SPECIMEN,NHMUK,ZOO,1903.2.6.11,,,,CC0_1_0,,,,,2018-12-06T12:42:09.255Z,,GEODETIC_DATUM_ASSUMED_WGS84
1919818275,7e380070-f762-11e1-a439-00145eb45e9a,8c3ba0da-8055-4bfd-ab9d-f0a042ca59f3,Animalia,Chordata,Mammalia,Primates,Lorisidae,Nycticebus,Nycticebus coucang,menagensis,SUBSPECIES,"Nycticebus coucang menagensis Trouessart, 1898",MY,"Baram District, Sarawak, Borneo /  Malaysia",19456090-b49a-11d8-abeb-b8a03c50a862,4,113,,,,,,,1894-04-18T00:00:00Z,18,4,1894,4267328,2436629,PRESERVED_SPECIMEN,NHMUK,ZOO,1900.2.2.4,,,,CC0_1_0,,C Hose,,,2018-12-06T12:42:09.313Z,,GEODETIC_DATUM_ASSUMED_WGS84
1919818269,7e380070-f762-11e1-a439-00145eb45e9a,081c1d2e-e8d1-4d2f-9325-799dea57a339,Animalia,Chordata,Mammalia,Primates,Lorisidae,Nycticebus,Nycticebus coucang,menagensis,SUBSPECIES,"Nycticebus coucang menagensis Trouessart, 1898",MY,"Mt.Dulit [Banjaran Dulit], Baram  district, Sarawak, Borneo / Malaysia",19456090-b49a-11d8-abeb-b8a03c50a862,3.25,114.25,,,304.8,,,,1897-11-22T00:00:00Z,22,11,1897,4267328,2436629,PRESERVED_SPECIMEN,NHMUK,ZOO,1899.12.9.3,,,,CC0_1_0,,C Hose,,,2018-12-06T12:42:09.246Z,,GEODETIC_DATUM_ASSUMED_WGS84
1919818255,7e380070-f762-11e1-a439-00145eb45e9a,0b09c64c-c682-4eb9-b119-d94499ae3fcb,Animalia,Chordata,Mammalia,Primates,Lorisidae,Nycticebus,Nycticebus coucang,menagensis,SUBSPECIES,"Nycticebus coucang menagensis Trouessart, 1898",MY,"Baram District, Sarawak, Borneo /  Malaysia",19456090-b49a-11d8-abeb-b8a03c50a862,4,113,,,,,,,1896-01-15T00:00:00Z,15,1,1896,4267328,2436629,PRESERVED_SPECIMEN,NHMUK,ZOO,1900.2.2.3,,,,CC0_1_0,,C Hose,,,2018-12-06T12:42:09.186Z,,GEODETIC_DATUM_ASSUMED_WGS84
1919818237,7e380070-f762-11e1-a439-00145eb45e9a,73dcaa3a-250a-482a-9b97-2b592c6b9923,Animalia,Chordata,Mammalia,Primates,Lorisidae,Nycticebus,Nycticebus coucang,coucang,SUBSPECIES,Nycticebus coucang coucang,MY,"Pinang Island, Malaya",19456090-b49a-11d8-abeb-b8a03c50a862,5.4167,100.3333,,,,,,,,,,,7262072,2436629,PRESERVED_SPECIMEN,NHMUK,ZOO,1896.11.29.4,,,,CC0_1_0,,,,,2018-12-06T12:42:09.248Z,,GEODETIC_DATUM_ASSUMED_WGS84
1919818229,7e380070-f762-11e1-a439-00145eb45e9a,c77d69f0-4c1d-48c2-9e5e-9ff1539c8564,Animalia,Chordata,Mammalia,Primates,Lorisidae,Nycticebus,Nycticebus coucang,coucang,SUBSPECIES,Nycticebus coucang coucang,ID,"Bunguran Island [= Pulau Natuna  Besar, Kepulauan Natuna Besar",19456090-b49a-11d8-abeb-b8a03c50a862,4,108.25,,,,,,,1893-10-11T00:00:00Z,11,10,1893,7262072,2436629,PRESERVED_SPECIMEN,NHMUK,ZOO,1894.9.28.23,,,,CC0_1_0,,A Everett,,,2018-12-06T12:42:09.285Z,,GEODETIC_DATUM_ASSUMED_WGS84
1919818204,7e380070-f762-11e1-a439-00145eb45e9a,48b7bd90-319b-4904-a451-99e9c5fb88a9,Animalia,Chordata,Mammalia,Primates,Lorisidae,Nycticebus,Nycticebus coucang,menagensis,SUBSPECIES,"Nycticebus coucang menagensis Trouessart, 1898",PH,"Bongao Islands, Tawi Tawi  Archipelago",19456090-b49a-11d8-abeb-b8a03c50a862,5.0167,119.7667,,,,,,,1893-07-10T00:00:00Z,10,7,1893,4267328,2436629,PRESERVED_SPECIMEN,NHMUK,ZOO,1893.11.2.1,,,,CC0_1_0,,A Everett,,,2018-12-06T12:42:09.224Z,,GEODETIC_DATUM_ASSUMED_WGS84
1919818185,7e380070-f762-11e1-a439-00145eb45e9a,41f99364-c76f-40d6-8b6a-00c6fcae6538,Animalia,Chordata,Mammalia,Primates,Lorisidae,Nycticebus,Nycticebus coucang,menagensis,SUBSPECIES,"Nycticebus coucang menagensis Trouessart, 1898",ID,"Tameang Lajang [Tamianglajang],  Sihong District, Tatai [Kalimantan], Borneo",19456090-b49a-11d8-abeb-b8a03c50a862,-2.1167,115.1667,,,,,,,,,,,4267328,2436629,PRESERVED_SPECIMEN,NHMUK,ZOO,1888.2.9.1,,,,CC0_1_0,,,,,2018-12-06T12:42:09.204Z,,GEODETIC_DATUM_ASSUMED_WGS84
1919818182,7e380070-f762-11e1-a439-00145eb45e9a,8d658347-13ee-4b35-b572-06891253b732,Animalia,Chordata,Mammalia,Primates,Lorisidae,Nycticebus,Nycticebus coucang,menagensis,SUBSPECIES,"Nycticebus coucang menagensis Trouessart, 1898",ID,"Tameang Lajang [Tamianglajang],  Sihong District, Tatai [Kalimantan], Borneo",19456090-b49a-11d8-abeb-b8a03c50a862,-2.1167,115.1667,,,,,,,,,,,4267328,2436629,PRESERVED_SPECIMEN,NHMUK,ZOO,1888.2.9.2,,,,CC0_1_0,,,,,2018-12-06T12:42:09.222Z,,GEODETIC_DATUM_ASSUMED_WGS84
1919818177,7e380070-f762-11e1-a439-00145eb45e9a,d4842a75-c703-4219-8cfe-fc23705483bb,Animalia,Chordata,Mammalia,Primates,Lorisidae,Nycticebus,Nycticebus coucang,coucang,SUBSPECIES,Nycticebus coucang coucang,MY,"Malacca [Melaka], Malaya",19456090-b49a-11d8-abeb-b8a03c50a862,2.25,102.25,,,,,,,1877-07-01T00:00:00Z,,7,1877,7262072,2436629,PRESERVED_SPECIMEN,NHMUK,ZOO,1885.8.1.16,,,,CC0_1_0,,W Davison,,,2018-12-06T12:42:09.263Z,,GEODETIC_DATUM_ASSUMED_WGS84
1919818173,7e380070-f762-11e1-a439-00145eb45e9a,f03b0dd6-c171-4f03-9eac-fa8f7262d00d,Animalia,Chordata,Mammalia,Primates,Lorisidae,Nycticebus,Nycticebus coucang,bengalensis,SUBSPECIES,Nycticebus coucang bengalensis,MM,"Kyeikpadein [? = Kyaikpadainggyi],  Lower Pegu",19456090-b49a-11d8-abeb-b8a03c50a862,17.2333,96.5167,,,,,,,1879-08-27T00:00:00Z,27,8,1879,8955008,2436629,PRESERVED_SPECIMEN,NHMUK,ZOO,1881.12.2.1,,,,CC0_1_0,,Mr E W. Oates,HOLOTYPE,,2018-12-06T12:42:09.089Z,,GEODETIC_DATUM_ASSUMED_WGS84
1919818171,7e380070-f762-11e1-a439-00145eb45e9a,f851ab16-257a-461e-85fd-c3d4317fa232,Animalia,Chordata,Mammalia,Primates,Lorisidae,Nycticebus,Nycticebus coucang,coucang,SUBSPECIES,Nycticebus coucang coucang,TH,"Salanga [Salang], on Junk Ceylon  Island [Ko Phuket]",19456090-b49a-11d8-abeb-b8a03c50a862,8,98.3333,,,,,,,1879-02-19T00:00:00Z,19,2,1879,7262072,2436629,PRESERVED_SPECIMEN,NHMUK,ZOO,1885.8.1.17,,,,CC0_1_0,,J Darling,,,2018-12-06T12:42:09.189Z,,GEODETIC_DATUM_ASSUMED_WGS84
1919818155,7e380070-f762-11e1-a439-00145eb45e9a,3aab7e94-8b49-43e5-9e8c-0a23d72f6e97,Animalia,Chordata,Mammalia,Primates,Lorisidae,Nycticebus,Nycticebus coucang,bengalensis,SUBSPECIES,Nycticebus coucang bengalensis,MM,"Mergui Town, Tenasserim",19456090-b49a-11d8-abeb-b8a03c50a862,12.4333,98.6,,,,,,,1914-04-18T00:00:00Z,18,4,1914,8955008,2436629,PRESERVED_SPECIMEN,NHMUK,ZOO,1882.57,,,,CC0_1_0,,G C. Shortridge,,,2018-12-06T12:42:09.223Z,,GEODETIC_DATUM_ASSUMED_WGS84
1919818135,7e380070-f762-11e1-a439-00145eb45e9a,477c6baa-6a23-4ff9-a598-218f73ae7e34,Animalia,Chordata,Mammalia,Primates,Lorisidae,Nycticebus,Nycticebus coucang,menagensis,SUBSPECIES,"Nycticebus coucang menagensis Trouessart, 1898",MY,"Mainland opposite Labuan Island,  [Sabah], Borneo",19456090-b49a-11d8-abeb-b8a03c50a862,5.3167,115.3333,,,,,,,,,,,4267328,2436629,PRESERVED_SPECIMEN,NHMUK,ZOO,1876.5.2.2,,,,CC0_1_0,,Sir H Low,,,2018-12-06T12:42:09.097Z,,GEODETIC_DATUM_ASSUMED_WGS84
1919818127,7e380070-f762-11e1-a439-00145eb45e9a,3aa61c2c-7cf2-4207-b89a-3fd02509b1ce,Animalia,Chordata,Mammalia,Primates,Lorisidae,Nycticebus,Nycticebus coucang,bengalensis,SUBSPECIES,Nycticebus coucang bengalensis,TH,"Bangkok,  Siam / [Thailand",19456090-b49a-11d8-abeb-b8a03c50a862,13.7333,100.5,,,,,,,,,,,8955008,2436629,PRESERVED_SPECIMEN,NHMUK,ZOO,1867.12.2.3,,,,CC0_1_0,,Bocourt,PARATYPE,,2018-12-06T12:42:09.101Z,,GEODETIC_DATUM_ASSUMED_WGS84
1919818124,7e380070-f762-11e1-a439-00145eb45e9a,7c3c4b9f-c5f8-409d-9084-b5962c0e40d3,Animalia,Chordata,Mammalia,Primates,Lorisidae,Nycticebus,Nycticebus coucang,coucang,SUBSPECIES,Nycticebus coucang coucang,MY,"Pinang, Malaya",19456090-b49a-11d8-abeb-b8a03c50a862,5.4167,100.3333,,,,,,,,,,,7262072,2436629,PRESERVED_SPECIMEN,NHMUK,ZOO,1888.8.12.2,,,,CC0_1_0,,,,,2018-12-06T12:42:09.104Z,,GEODETIC_DATUM_ASSUMED_WGS84
1919785793,7e380070-f762-11e1-a439-00145eb45e9a,95a0dbc8-2172-4514-b2c2-4eb37a5a8367,Animalia,Chordata,Mammalia,Primates,Lorisidae,Nycticebus,Nycticebus coucang,insularis,SUBSPECIES,"Nycticebus coucang insularis Robinson, 1917",MY,"Juara Bay [Telok Juara] or Sungei  Nipa [Sungai Nipah], Pulau Tioman, E. Central Pahang / Latitude -  longitude coordinates given for both, alternative locations",19456090-b49a-11d8-abeb-b8a03c50a862,2.8,104.2167,,,,,,,1915-07-19T00:00:00Z,19,7,1915,9033582,2436629,PRESERVED_SPECIMEN,NHMUK,ZOO,1921.11.8.1,,,,CC0_1_0,,H C. Robinson,HOLOTYPE,,2018-12-06T12:41:49.545Z,,GEODETIC_DATUM_ASSUMED_WGS84
1838028597,50c9509d-22c7-4a22-a47d-8c48425ef4a7,https://www.inaturalist.org/observations/10711327,Animalia,Chordata,Mammalia,Primates,Lorisidae,Nycticebus,Nycticebus coucang,,SPECIES,"Nycticebus coucang (Boddaert, 1785)",MY,,28eb1a3f-1c15-4a95-931a-4af90ecb574d,4.272824,102.45759,31407,,,,,,2013-08-22T16:25:00Z,22,8,2013,2436629,2436629,HUMAN_OBSERVATION,iNaturalist,Observations,10711327,,,2018-04-08T20:46:33Z,CC_BY_NC_4_0,Ben (Tremarctos.com),Ben (Tremarctos.com),,,2018-10-08T14:28:51.623Z,,GEODETIC_DATUM_ASSUMED_WGS84;COORDINATE_ROUNDED
1807945497,6ac3f774-d9fb-4796-b3e9-92bf6c81c084,,Animalia,Chordata,Mammalia,Primates,Lorisidae,Nycticebus,Nycticebus coucang,,SPECIES,"Nycticebus coucang (Boddaert, 1785)",TH,Khao Sok,bb646dff-a905-4403-a49b-6d378c2cf0d9,8.913903,98.52581,250,,,,,,2016-10-02T00:00:00Z,2,10,2016,2436629,2436629,HUMAN_OBSERVATION,naturgucker,naturgucker,1884914134,,,,CC_BY_4_0,,-1972669362,,,2018-12-05T23:03:58.774Z,,GEODETIC_DATUM_ASSUMED_WGS84;COORDINATE_ROUNDED
1802676339,50c9509d-22c7-4a22-a47d-8c48425ef4a7,https://www.inaturalist.org/observations/9108649,Animalia,Chordata,Mammalia,Primates,Lorisidae,Nycticebus,Nycticebus coucang,,SPECIES,"Nycticebus coucang (Boddaert, 1785)",SG,,28eb1a3f-1c15-4a95-931a-4af90ecb574d,1.257006,103.681819,31447,,,,,,2017-12-09T21:50:00Z,9,12,2017,2436629,2436629,HUMAN_OBSERVATION,iNaturalist,Observations,9108649,,,2017-12-10T08:45:19Z,CC_BY_NC_4_0,venus5026,venus5026,,,2018-12-08T03:55:11.454Z,STILLIMAGE,GEODETIC_DATUM_ASSUMED_WGS84;COORDINATE_ROUNDED
1802655237,50c9509d-22c7-4a22-a47d-8c48425ef4a7,https://www.inaturalist.org/observations/9043052,Animalia,Chordata,Mammalia,Primates,Lorisidae,Nycticebus,Nycticebus coucang,,SPECIES,"Nycticebus coucang (Boddaert, 1785)",MY,,28eb1a3f-1c15-4a95-931a-4af90ecb574d,3.159862,101.612318,31428,,,,,,2017-11-28T21:06:00Z,28,11,2017,2436629,2436629,HUMAN_OBSERVATION,iNaturalist,Observations,9043052,,,2017-12-04T15:21:17Z,CC_BY_NC_4_0,Yu Ching Tam,Yu Ching Tam,,,2018-12-08T03:54:52.211Z,STILLIMAGE,GEODETIC_DATUM_ASSUMED_WGS84;COORDINATE_ROUNDED
1702690606,830eb5d0-f762-11e1-a439-00145eb45e9a,http://arctos.database.museum/guid/UWBM:Mamm:52621?seid=3635988,Animalia,Chordata,Mammalia,Primates,Lorisidae,Nycticebus,Nycticebus coucang,,SPECIES,"Nycticebus coucang (Boddaert, 1785)",TH,Bangkok; 90 mi N,06fcbbf0-0562-11d8-b851-b8a03c50a862,15.05915,100.51667,118366,,,,,,1972-05-02T00:00:00Z,2,5,1972,2436629,2436629,PRESERVED_SPECIMEN,UWBM,Mammal specimens,UWBM:Mamm:52621,,unknown,2017-07-11T00:00:00Z,CC0_1_0,,,,,2018-12-08T11:35:03.651Z,,
1580192096,6ac3f774-d9fb-4796-b3e9-92bf6c81c084,,Animalia,Chordata,Mammalia,Primates,Lorisidae,Nycticebus,Nycticebus coucang,,SPECIES,"Nycticebus coucang (Boddaert, 1785)",MY,Danum Valley Conservation Area,bb646dff-a905-4403-a49b-6d378c2cf0d9,4.965772,117.689499,250,,,,,,2009-11-06T00:00:00Z,6,11,2009,2436629,2436629,HUMAN_OBSERVATION,naturgucker,naturgucker,-1804408918,,,,CC_BY_4_0,,283199067,,,2018-12-08T20:19:14.702Z,,GEODETIC_DATUM_ASSUMED_WGS84;COORDINATE_ROUNDED
1436967108,8138eb72-f762-11e1-a439-00145eb45e9a,urn:catalog:RBINS:mam:454129,Animalia,Chordata,Mammalia,Primates,Lorisidae,Nycticebus,Nycticebus coucang,,SPECIES,"Nycticebus coucang (Boddaert, 1785)",MM,,e88c96a3-5884-4e51-a580-e417ca4c9eed,19.25,96.666667,,,,,,,1888-10-05T00:00:00Z,5,10,1888,2436629,2436629,PRESERVED_SPECIMEN,RBINS,mam,684,,Frechkop Serge (M.),1932-01-01T00:00:00Z,CC_BY_NC_4_0,Royal belgian Institute of natural Sciences,,,,2018-12-06T19:08:13.355Z,,COORDINATE_ROUNDED
1436967101,8138eb72-f762-11e1-a439-00145eb45e9a,urn:catalog:RBINS:mam:454130,Animalia,Chordata,Mammalia,Primates,Lorisidae,Nycticebus,Nycticebus coucang,,SPECIES,"Nycticebus coucang (Boddaert, 1785)",MM,,e88c96a3-5884-4e51-a580-e417ca4c9eed,19.25,96.666667,,,,,,,1888-10-05T00:00:00Z,5,10,1888,2436629,2436629,PRESERVED_SPECIMEN,RBINS,mam,684,,Frechkop Serge (M.),1932-01-01T00:00:00Z,CC_BY_NC_4_0,Royal belgian Institute of natural Sciences,,,,2018-12-06T19:08:13.308Z,,COORDINATE_ROUNDED
1436121953,4bfac3ea-8763-4f4b-a71a-76a6f5f243d3,MCZ:Mamm:BOM-422,Animalia,Chordata,Mammalia,Primates,Lorisidae,Nycticebus,Nycticebus coucang,,SPECIES,"Nycticebus coucang (Boddaert, 1785)",IN,[no specific locality data],b4640710-8e03-11d8-b956-b8a03c50a862,12.373746,75.815918,60957,,,,,,,,,,2436629,2436629,PRESERVED_SPECIMEN,MCZ,Mamm,BOM-422,,[no agent data],,CC_BY_NC_4_0,President and Fellows of Harvard College,[no agent data],,,2018-12-08T00:10:20.825Z,,
1339144639,6ac3f774-d9fb-4796-b3e9-92bf6c81c084,,Animalia,Chordata,Mammalia,Primates,Lorisidae,Nycticebus,Nycticebus coucang,,SPECIES,"Nycticebus coucang (Boddaert, 1785)",MY,Danum Valley Conservation Area,bb646dff-a905-4403-a49b-6d378c2cf0d9,4.965772,117.689499,250,,,,,,2015-04-19T00:00:00Z,19,4,2015,2436629,2436629,HUMAN_OBSERVATION,naturgucker,naturgucker,-1903321611,,,,CC_BY_4_0,,1963945989,,,2018-07-07T13:24:46.987Z,,GEODETIC_DATUM_ASSUMED_WGS84;COORDINATE_ROUNDED
1322542520,821cc27a-e3bb-4bc5-ac34-89ada245069d,http://n2t.net/ark:/65665/3ec3845c7-e599-41e8-81f7-03817f6cc67a,Animalia,Chordata,Mammalia,Primates,Lorisidae,Nycticebus,Nycticebus coucang,coucang,SUBSPECIES,Nycticebus coucang coucang,MY,"Sungai Buloh, Sungei Buloh Forest Reserve, Bukit Lanjan",bc092ff0-02e4-11dc-991f-b8a03c50a862,3.17,101.58,,,228.5,76.5,,,1969-06-09T00:00:00Z,9,6,1969,7262072,2436629,PRESERVED_SPECIMEN,USNM,Mammals,488079,R 79137,,,CC0_1_0,,I. Muul & Lim Boo Liat,,,2018-12-09T02:00:09.748Z,,GEODETIC_DATUM_ASSUMED_WGS84
1322418945,821cc27a-e3bb-4bc5-ac34-89ada245069d,http://n2t.net/ark:/65665/3e6c59ef7-a120-409e-9357-e47b618c097f,Animalia,Chordata,Mammalia,Primates,Lorisidae,Nycticebus,Nycticebus coucang,coucang,SUBSPECIES,Nycticebus coucang coucang,MY,"Kuala Brang, Ulu Telemong, Kampong Imam Lapar",bc092ff0-02e4-11dc-991f-b8a03c50a862,5.05,103.03,,,38,38,,,1968-06-23T00:00:00Z,23,6,1968,7262072,2436629,PRESERVED_SPECIMEN,USNM,Mammals,488080,BL 4863,,,CC0_1_0,,I. Muul & Lim Boo Liat,,,2018-07-06T22:26:23.219Z,,GEODETIC_DATUM_ASSUMED_WGS84
1321739837,821cc27a-e3bb-4bc5-ac34-89ada245069d,http://n2t.net/ark:/65665/3c8ad0e1b-2998-48e8-8368-770af16812de,Animalia,Chordata,Mammalia,Primates,Lorisidae,Nycticebus,Nycticebus coucang,coucang,SUBSPECIES,Nycticebus coucang coucang,MY,"Batu, Bukit Legong Forest Reserve",bc092ff0-02e4-11dc-991f-b8a03c50a862,3.23,101.63,,,609.5,304.5,,,1969-10-23T00:00:00Z,23,10,1969,7262072,2436629,PRESERVED_SPECIMEN,USNM,Mammals,488078,R 74149,,,CC0_1_0,,I. Muul & Lim Boo Liat,,,2018-12-07T22:04:55.451Z,,GEODETIC_DATUM_ASSUMED_WGS84
1321356308,821cc27a-e3bb-4bc5-ac34-89ada245069d,http://n2t.net/ark:/65665/3b7b89f2f-e3db-459c-9a44-e5fa1f364264,Animalia,Chordata,Mammalia,Primates,Lorisidae,Nycticebus,Nycticebus coucang,coucang,SUBSPECIES,Nycticebus coucang coucang,MY,"Rompin, Menchali Forest Reserve, Kampong Sebayan",bc092ff0-02e4-11dc-991f-b8a03c50a862,2.83,103.45,,,38,38,,,1970-01-20T00:00:00Z,20,1,1970,7262072,2436629,PRESERVED_SPECIMEN,USNM,Mammals,488075,R 82083,,,CC0_1_0,,I. Muul & Lim Boo Liat,,,2018-12-07T14:29:54.058Z,,GEODETIC_DATUM_ASSUMED_WGS84
1320458133,821cc27a-e3bb-4bc5-ac34-89ada245069d,http://n2t.net/ark:/65665/390051883-955d-4ddc-98f4-6d985e7b70ee,Animalia,Chordata,Mammalia,Primates,Lorisidae,Nycticebus,Nycticebus coucang,coucang,SUBSPECIES,Nycticebus coucang coucang,MY,"Tapah, Tapah And Ringlet Road At Mile 24",bc092ff0-02e4-11dc-991f-b8a03c50a862,4.38,100.37,,,609.5,304.5,,,1970-08-24T00:00:00Z,24,8,1970,7262072,2436629,PRESERVED_SPECIMEN,USNM,Mammals,488076,R 85990,,,CC0_1_0,,I. Muul & Lim Boo Liat,,,2018-12-06T01:19:56.535Z,,GEODETIC_DATUM_ASSUMED_WGS84
1145761392,0daed095-478a-4af6-abf5-18acb790fbb2,http://arctos.database.museum/guid/MVZ:Mamm:186410?seid=1342259,Animalia,Chordata,Mammalia,Primates,Lorisidae,Nycticebus,Nycticebus coucang,,SPECIES,"Nycticebus coucang (Boddaert, 1785)",VN,"Vinh Yen District, Tam Dao",8edbbde0-055e-11d8-b850-b8a03c50a862,21.453889,105.641944,,,850,150,,,1997-06-12T00:00:00Z,12,6,1997,2436629,2436629,PRESERVED_SPECIMEN,MVZ,Mammal specimens,MVZ:Mamm:186410,16908,"Museum of Vertebrate Zoology, University of California, Berkeley",1999-01-27T00:00:00Z,CC0_1_0,,Collector(s): James L. Patton,,,2018-12-06T17:55:01.609Z,,GEODETIC_DATUM_ASSUMED_WGS84;GEODETIC_DATUM_INVALID;COORDINATE_ROUNDED
1145684232,0daed095-478a-4af6-abf5-18acb790fbb2,http://arctos.database.museum/guid/MVZ:Mamm:116956?seid=1105820,Animalia,Chordata,Mammalia,Primates,Lorisidae,Nycticebus,Nycticebus coucang,coucang,SUBSPECIES,Nycticebus coucang coucang,MY,South Johore,8edbbde0-055e-11d8-b850-b8a03c50a862,2,103.5,3143,,,,,,1952-11-19T00:00:00Z,19,11,1952,7262072,2436629,PRESERVED_SPECIMEN,MVZ,Mammal specimens,MVZ:Mamm:116956,2103,"Museum of Vertebrate Zoology, University of California, Berkeley",1999-01-27T00:00:00Z,CC0_1_0,,Collector(s): John R. Hendrickson,,,2018-12-06T17:54:05.050Z,,
1145682569,0daed095-478a-4af6-abf5-18acb790fbb2,http://arctos.database.museum/guid/MVZ:Mamm:115436?seid=1100027,Animalia,Chordata,Mammalia,Primates,Lorisidae,Nycticebus,Nycticebus coucang,,SPECIES,"Nycticebus coucang (Boddaert, 1785)",ID,Sumatra,8edbbde0-055e-11d8-b850-b8a03c50a862,0,102,900002,,,,,,1818-06-20T00:00:00Z,20,6,1818,2436629,2436629,PRESERVED_SPECIMEN,MVZ,Mammal specimens,MVZ:Mamm:115436,,"Museum of Vertebrate Zoology, University of California, Berkeley",1999-01-27T00:00:00Z,CC0_1_0,,Collector(s): unknown,,,2018-12-06T17:54:03.617Z,,
1142104005,5a659248-1f70-11e3-b2c5-00145eb45e9a,,Animalia,Chordata,Mammalia,Primates,Lorisidae,Nycticebus,Nycticebus coucang,,SPECIES,"Nycticebus coucang (Boddaert, 1785)",ID,Padang Sidempuan/Sumatra,23539a57-1347-4dd3-af2a-cf9478563baa,1.37801,99.27189,,,,,,,,,,,2436629,2436629,PRESERVED_SPECIMEN,MHNG,"Mammals housed at MHNG, Geneva",MHNG-MAM-831.066b,,,,CC_BY_NC_4_0,,,,,2018-12-08T12:13:36.039Z,,RECORDED_DATE_INVALID;GEODETIC_DATUM_ASSUMED_WGS84
1065385797,7a25f7aa-03fb-4322-aaeb-66719e1a9527,8fec3dba-84c1-42f8-ae11-07321977ce50,Animalia,Chordata,Mammalia,Primates,Lorisidae,Nycticebus,Nycticebus coucang,,SPECIES,"Nycticebus coucang (Boddaert, 1785)",TH,Bangkok,493fe050-055d-11d8-b84f-b8a03c50a862,13.75,100.51667,12579,,,,,,1947-11-13T00:00:00Z,13,11,1947,2436629,2436629,PRESERVED_SPECIMEN,LACM,Mammals,8477,,,,CC0_1_0,,Catalina Bird Farm,,MANAGED,2018-11-04T14:39:12.007Z,,
1065378176,7a25f7aa-03fb-4322-aaeb-66719e1a9527,7b5f4235-8d2a-4521-b52d-057f99e02624,Animalia,Chordata,Mammalia,Primates,Lorisidae,Nycticebus,Nycticebus coucang,,SPECIES,"Nycticebus coucang (Boddaert, 1785)",IN,Assam,493fe050-055d-11d8-b84f-b8a03c50a862,26,93,362489,,,,,,1947-08-04T00:00:00Z,4,8,1947,2436629,2436629,PRESERVED_SPECIMEN,LACM,Mammals,31246,,,,CC0_1_0,,"Stager, K E",,NATIVE,2018-11-04T14:39:11.976Z,,
1065340584,7a25f7aa-03fb-4322-aaeb-66719e1a9527,1976aa45-78ba-4588-82c0-1327322ff1b8,Animalia,Chordata,Mammalia,Primates,Lorisidae,Nycticebus,Nycticebus coucang,,SPECIES,"Nycticebus coucang (Boddaert, 1785)",IN,"Ledo, 12 mi E",493fe050-055d-11d8-b84f-b8a03c50a862,27.3,95.92842,18570,,,,,,1947-02-22T00:00:00Z,22,2,1947,2436629,2436629,PRESERVED_SPECIMEN,LACM,Mammals,8476,,,,CC0_1_0,,"Stager, K E",,NATIVE,2018-11-04T14:39:12.001Z,,
865738644,5a659248-1f70-11e3-b2c5-00145eb45e9a,,Animalia,Chordata,Mammalia,Primates,Lorisidae,Nycticebus,Nycticebus coucang,,SPECIES,"Nycticebus coucang (Boddaert, 1785)",ID,Padang Sidempuan/Sumatra,23539a57-1347-4dd3-af2a-cf9478563baa,1.37801,99.27189,,,,,,,,,,,2436629,2436629,PRESERVED_SPECIMEN,MHNG,"Mammals housed at MHNG, Geneva",MHNG-MAM-831.066a,,,,CC_BY_NC_4_0,,,,,2018-12-10T02:00:39.322Z,,RECORDED_DATE_INVALID;GEODETIC_DATUM_ASSUMED_WGS84
784007826,6d2cfc0a-9903-40b8-802b-403398218e4a,urn:catalog:UMMZ:Mammals:117131,Animalia,Chordata,Mammalia,Primates,Lorisidae,Nycticebus,Nycticebus coucang,,SPECIES,"Nycticebus coucang (Boddaert, 1785)",MY,"BALING,KAMPONA KELAWANG",6ea87510-0561-11d8-b851-b8a03c50a862,5.71667,100.95,4614,,,,,,1968-05-01T00:00:00Z,1,5,1968,2436629,2436629,PRESERVED_SPECIMEN,UMMZ,Mammals,117131,4682,,,CC0_1_0,,ILLAR MUUL,,NATIVE,2018-12-10T01:10:01.819Z,,
784004236,6d2cfc0a-9903-40b8-802b-403398218e4a,urn:catalog:UMMZ:Mammals:113356,Animalia,Chordata,Mammalia,Primates,Lorisidae,Nycticebus,Nycticebus coucang,,SPECIES,"Nycticebus coucang (Boddaert, 1785)",KE,NAIROBI,6ea87510-0561-11d8-b851-b8a03c50a862,-1.28333,36.81667,6816,,,,,,,,,,2436629,2436629,PRESERVED_SPECIMEN,UMMZ,Mammals,113356,MZ1873,,,CC0_1_0,,,,NATIVE,2018-12-10T01:10:00.161Z,,
735694781,75018539-6328-41de-b875-7c2e61dc1635,urn:catalog:SBMNH:MAM:8822,Animalia,Chordata,Mammalia,Primates,Lorisidae,Nycticebus,Nycticebus coucang,,SPECIES,"Nycticebus coucang (Boddaert, 1785)",PH,Tumaga,78678140-1815-11da-9544-b8a03c50a862,6.938056,122.078056,,,,,,,1968-07-10T00:00:00Z,10,7,1968,2436629,2436629,PRESERVED_SPECIMEN,SBMNH,MAM,8822,,,,CC0_1_0,,,,NATIVE,2018-12-10T09:07:21.575Z,,COORDINATE_ROUNDED
735673347,75018539-6328-41de-b875-7c2e61dc1635,urn:catalog:SBMNH:OS:2260,Animalia,Chordata,Mammalia,Primates,Lorisidae,Nycticebus,Nycticebus coucang,,SPECIES,"Nycticebus coucang (Boddaert, 1785)",US,Santa Barbara; Santa Barbara Zoological Gardens,78678140-1815-11da-9544-b8a03c50a862,34.419444,-119.663056,,,,,,,1980-08-13T00:00:00Z,13,8,1980,2436629,2436629,PRESERVED_SPECIMEN,SBMNH,OS,2260,,,,CC0_1_0,,,,NATIVE,2018-12-10T09:07:07.265Z,,COORDINATE_ROUNDED
735669766,75018539-6328-41de-b875-7c2e61dc1635,urn:catalog:SBMNH:OS:929,Animalia,Chordata,Mammalia,Primates,Lorisidae,Nycticebus,Nycticebus coucang,,SPECIES,"Nycticebus coucang (Boddaert, 1785)",US,Santa Barbara; Childs Estate Zoo,78678140-1815-11da-9544-b8a03c50a862,34.419444,-119.663056,,,,,,,1976-02-29T00:00:00Z,29,2,1976,2436629,2436629,PRESERVED_SPECIMEN,SBMNH,OS,929,,,,CC0_1_0,,,,NATIVE,2018-12-10T09:07:05.110Z,,COORDINATE_ROUNDED
665921164,41fc5c40-5e81-496f-9733-6b5681b3b7a5,a47dfac8-eaae-487d-a7df-e980a8860ec2,Animalia,Chordata,Mammalia,Primates,Lorisidae,Nycticebus,Nycticebus coucang,menagensis,SUBSPECIES,"Nycticebus coucang menagensis Trouessart, 1898",PH,Tawi Tawi,7b8aff00-a9f8-11d8-944b-b8a03c50a862,5.2542,120.157997,,,,,,,1892-10-15T00:00:00Z,15,10,1892,4267328,2436629,PRESERVED_SPECIMEN,FMNH,Mammals,129502,1,,,CC0_1_0,The Field Museum of Natural History,D. C. Worcester,,,2018-07-26T14:58:03.449Z,,COUNTRY_DERIVED_FROM_COORDINATES;GEODETIC_DATUM_ASSUMED_WGS84;COUNTRY_INVALID;COORDINATE_ROUNDED
665921163,41fc5c40-5e81-496f-9733-6b5681b3b7a5,2e984689-d884-426b-87ca-fcc2f5334fc4,Animalia,Chordata,Mammalia,Primates,Lorisidae,Nycticebus,Nycticebus coucang,coucang,SUBSPECIES,Nycticebus coucang coucang,MY,Mt Kinabalu Bundu Tuhan (Primary Forest),7b8aff00-a9f8-11d8-944b-b8a03c50a862,5.98333,116.533333,,,1280,,,,1965-12-12T00:00:00Z,12,12,1965,7262072,2436629,PRESERVED_SPECIMEN,FMNH,Mammals,108856,LBL-2815,,,CC0_1_0,The Field Museum of Natural History,Lim Boo Liat,,,2018-07-26T14:53:49.170Z,,GEODETIC_DATUM_ASSUMED_WGS84;COORDINATE_ROUNDED
665921162,41fc5c40-5e81-496f-9733-6b5681b3b7a5,3ee66f31-f2be-4697-8f79-47292dd83571,Animalia,Chordata,Mammalia,Primates,Lorisidae,Nycticebus,Nycticebus coucang,menagensis,SUBSPECIES,"Nycticebus coucang menagensis Trouessart, 1898",PH,Bungao,7b8aff00-a9f8-11d8-944b-b8a03c50a862,5.026447,119.771828,,,,,,,1958-07-01T00:00:00Z,,7,1958,4267328,2436629,PRESERVED_SPECIMEN,FMNH,Mammals,89467,CZS,,,CC0_1_0,The Field Museum of Natural History,,,,2018-07-26T14:54:45.882Z,,COUNTRY_DERIVED_FROM_COORDINATES;GEODETIC_DATUM_ASSUMED_WGS84;COUNTRY_INVALID;COORDINATE_ROUNDED
665906158,41fc5c40-5e81-496f-9733-6b5681b3b7a5,80ff02ed-59bb-4602-bc46-22bf79c9b3e5,Animalia,Chordata,Mammalia,Primates,Lorisidae,Nycticebus,Nycticebus coucang,menagensis,SUBSPECIES,"Nycticebus coucang menagensis Trouessart, 1898",MY,"Fourth Division, Kelabit Plateau, Pa Mada",7b8aff00-a9f8-11d8-944b-b8a03c50a862,3.58333,115.533333,,,1067,,,,1947-09-12T00:00:00Z,12,9,1947,4267328,2436629,PRESERVED_SPECIMEN,FMNH,Mammals,88276,14,,,CC0_1_0,The Field Museum of Natural History,T. Harrisson,,,2018-07-26T14:57:12.311Z,,GEODETIC_DATUM_ASSUMED_WGS84;COORDINATE_ROUNDED
665901663,41fc5c40-5e81-496f-9733-6b5681b3b7a5,3b4e0097-0406-449f-84ff-ab5c85e5107f,Animalia,Chordata,Mammalia,Primates,Lorisidae,Nycticebus,Nycticebus coucang,coucang,SUBSPECIES,Nycticebus coucang coucang,TH,"Ban Krung Khayan, 5 km W, 100 M",7b8aff00-a9f8-11d8-944b-b8a03c50a862,8.26667,99.354622,,,,,,,1973-06-20T00:00:00Z,20,6,1973,7262072,2436629,PRESERVED_SPECIMEN,FMNH,Mammals,105668,323,,,CC0_1_0,The Field Museum of Natural History,J. Fooden,,,2018-07-26T14:54:43.782Z,,GEODETIC_DATUM_ASSUMED_WGS84;COORDINATE_ROUNDED
665895829,41fc5c40-5e81-496f-9733-6b5681b3b7a5,b16afeb6-d6ba-4ece-8584-a3c797d9a299,Animalia,Chordata,Mammalia,Primates,Lorisidae,Nycticebus,Nycticebus coucang,coucang,SUBSPECIES,Nycticebus coucang coucang,MY,"Kepong, 3 mi N",7b8aff00-a9f8-11d8-944b-b8a03c50a862,3.25,101.675003,,,,,,,,,,,7262072,2436629,PRESERVED_SPECIMEN,FMNH,Mammals,98479,357,,,CC0_1_0,The Field Museum of Natural History,D. D. Davis,,,2018-07-26T14:58:20.355Z,,GEODETIC_DATUM_ASSUMED_WGS84;COORDINATE_ROUNDED
665880713,41fc5c40-5e81-496f-9733-6b5681b3b7a5,240f1fcb-0744-4a02-83c5-934d529f01b5,Animalia,Chordata,Mammalia,Primates,Lorisidae,Nycticebus,Nycticebus coucang,coucang,SUBSPECIES,Nycticebus coucang coucang,MY,"Bentong, Janda Baik",7b8aff00-a9f8-11d8-944b-b8a03c50a862,3.53333,101.916672,,,610,,,,1963-12-09T00:00:00Z,9,12,1963,7262072,2436629,PRESERVED_SPECIMEN,FMNH,Mammals,98478,265,,,CC0_1_0,The Field Museum of Natural History,D. D. Davis,,,2018-07-26T14:53:10.103Z,,GEODETIC_DATUM_ASSUMED_WGS84;COORDINATE_ROUNDED
665879039,41fc5c40-5e81-496f-9733-6b5681b3b7a5,0cecc55d-cff1-4747-8dad-4935135165ba,Animalia,Chordata,Mammalia,Primates,Lorisidae,Nycticebus,Nycticebus coucang,bengalensis,SUBSPECIES,Nycticebus coucang bengalensis,TH,Ban Mae Lamao,7b8aff00-a9f8-11d8-944b-b8a03c50a862,16.799999,98.75,,,350,,,,1967-03-23T00:00:00Z,23,3,1967,8955008,2436629,PRESERVED_SPECIMEN,FMNH,Mammals,99616,195,,,CC0_1_0,The Field Museum of Natural History,J. Fooden,,,2018-07-26T14:51:01.704Z,,GEODETIC_DATUM_ASSUMED_WGS84;COORDINATE_ROUNDED
665831182,41fc5c40-5e81-496f-9733-6b5681b3b7a5,118caba6-941a-4a78-9081-89675d10741d,Animalia,Chordata,Mammalia,Primates,Lorisidae,Nycticebus,Nycticebus coucang,menagensis,SUBSPECIES,"Nycticebus coucang menagensis Trouessart, 1898",MY,"East Coast Residency, Sandakan Dist, Sandakan",7b8aff00-a9f8-11d8-944b-b8a03c50a862,5.83333,118.116669,,,,,,,1949-10-25T00:00:00Z,25,10,1949,4267328,2436629,PRESERVED_SPECIMEN,FMNH,Mammals,68780,521,,,CC0_1_0,The Field Museum of Natural History,D. D. Davis,,,2018-12-06T12:24:45.822Z,,GEODETIC_DATUM_ASSUMED_WGS84;COORDINATE_ROUNDED
665810515,41fc5c40-5e81-496f-9733-6b5681b3b7a5,b083d07f-42f2-4eed-9208-629b45a8c2ce,Animalia,Chordata,Mammalia,Primates,Lorisidae,Nycticebus,Nycticebus coucang,bengalensis,SUBSPECIES,Nycticebus coucang bengalensis,LA,Lao Bao,7b8aff00-a9f8-11d8-944b-b8a03c50a862,16.616671,106.599999,,,,,,,1930-01-05T00:00:00Z,5,1,1930,8955008,2436629,PRESERVED_SPECIMEN,FMNH,Mammals,38910,1911,,,CC0_1_0,The Field Museum of Natural History,J. Delacour,,,2018-12-06T12:24:36.449Z,,GEODETIC_DATUM_ASSUMED_WGS84;COORDINATE_ROUNDED
665808615,41fc5c40-5e81-496f-9733-6b5681b3b7a5,a8081552-b16c-43e2-8702-cd3b6788776c,Animalia,Chordata,Mammalia,Primates,Lorisidae,Nycticebus,Nycticebus coucang,bengalensis,SUBSPECIES,Nycticebus coucang bengalensis,LA,Pakse,7b8aff00-a9f8-11d8-944b-b8a03c50a862,15.11667,105.783333,,,91,,,,1931-01-24T00:00:00Z,24,1,1931,8955008,2436629,PRESERVED_SPECIMEN,FMNH,Mammals,37988,214,,,CC0_1_0,The Field Museum of Natural History,J. Delacour,,,2018-12-06T12:24:35.206Z,,GEODETIC_DATUM_ASSUMED_WGS84;COORDINATE_ROUNDED
665808613,41fc5c40-5e81-496f-9733-6b5681b3b7a5,3db6c02d-7b15-4cba-98f7-f40fdf47d3d6,Animalia,Chordata,Mammalia,Primates,Lorisidae,Nycticebus,Nycticebus coucang,bengalensis,SUBSPECIES,Nycticebus coucang bengalensis,LA,"Thateng, Plateau des Bolovens, 90 km NE Pakse",7b8aff00-a9f8-11d8-944b-b8a03c50a862,15.33333,106.333328,,,914,,,,1931-12-08T00:00:00Z,8,12,1931,8955008,2436629,PRESERVED_SPECIMEN,FMNH,Mammals,37987,86,,,CC0_1_0,The Field Museum of Natural History,J. Delacour,,,2018-12-06T12:24:35.413Z,,GEODETIC_DATUM_ASSUMED_WGS84;COORDINATE_ROUNDED
665802228,41fc5c40-5e81-496f-9733-6b5681b3b7a5,ec9391f4-429d-4b08-8da1-7272cc3e123d,Animalia,Chordata,Mammalia,Primates,Lorisidae,Nycticebus,Nycticebus coucang,,SPECIES,"Nycticebus coucang (Boddaert, 1785)",US,Lake Forest,7b8aff00-a9f8-11d8-944b-b8a03c50a862,42.258621,-87.840668,,,,,,,1929-10-20T00:00:00Z,20,10,1929,2436629,2436629,PRESERVED_SPECIMEN,FMNH,Mammals,32900,2,,,CC0_1_0,The Field Museum of Natural History,G. C. Hixon,,,2018-12-06T12:24:32.228Z,,GEODETIC_DATUM_ASSUMED_WGS84;COORDINATE_ROUNDED
665801810,41fc5c40-5e81-496f-9733-6b5681b3b7a5,dc08fc6f-6a2f-47a6-9b96-3bcd0741337d,Animalia,Chordata,Mammalia,Primates,Lorisidae,Nycticebus,Nycticebus coucang,bengalensis,SUBSPECIES,Nycticebus coucang bengalensis,LA,Vientiane,7b8aff00-a9f8-11d8-944b-b8a03c50a862,17.966669,102.599999,,,,,,,1929-07-04T00:00:00Z,4,7,1929,8955008,2436629,PRESERVED_SPECIMEN,FMNH,Mammals,32501,180,,,CC0_1_0,The Field Museum of Natural History,R. E. Wheeler,,,2018-12-06T12:24:32.033Z,,GEODETIC_DATUM_ASSUMED_WGS84;COORDINATE_ROUNDED
665742778,41fc5c40-5e81-496f-9733-6b5681b3b7a5,7ef57c8b-566d-4788-8782-d69e270907d1,Animalia,Chordata,Mammalia,Primates,Lorisidae,Nycticebus,Nycticebus coucang,,SPECIES,"Nycticebus coucang (Boddaert, 1785)",MY,Sabor,7b8aff00-a9f8-11d8-944b-b8a03c50a862,7.216667,117.23333,,,20,,,,1991-06-15T00:00:00Z,15,6,1991,2436629,2436629,PRESERVED_SPECIMEN,FMNH,Mammals,140937,SMN-943,,,CC0_1_0,The Field Museum of Natural History,Shukor Md Nor,,,2018-12-06T12:23:59.423Z,,GEODETIC_DATUM_ASSUMED_WGS84;TAXON_MATCH_HIGHERRANK;COORDINATE_ROUNDED
665739453,41fc5c40-5e81-496f-9733-6b5681b3b7a5,85de2d68-b66d-4552-8bf9-572121f9a6cb,Animalia,Chordata,Mammalia,Primates,Lorisidae,Nycticebus,Nycticebus coucang,menagensis,SUBSPECIES,"Nycticebus coucang menagensis Trouessart, 1898",MY,"Tawau Dist, Kalabakan, Sungei Tibas Camp",7b8aff00-a9f8-11d8-944b-b8a03c50a862,4.41667,117.48333,,,,,,,1956-06-27T00:00:00Z,27,6,1956,4267328,2436629,PRESERVED_SPECIMEN,FMNH,Mammals,85926,3118,,,CC0_1_0,The Field Museum of Natural History,R. F. Inger,,,2018-12-06T12:23:57.057Z,,GEODETIC_DATUM_ASSUMED_WGS84;COORDINATE_ROUNDED
665729337,41fc5c40-5e81-496f-9733-6b5681b3b7a5,6bf5bf1f-b079-4b65-a2c7-3eeed418278a,Animalia,Chordata,Mammalia,Primates,Lorisidae,Nycticebus,Nycticebus coucang,menagensis,SUBSPECIES,"Nycticebus coucang menagensis Trouessart, 1898",MY,"Fourth Division, Kelabit Plateau, Pa Main",7b8aff00-a9f8-11d8-944b-b8a03c50a862,3.63333,115.51667,,,1067,,,,1948-03-19T00:00:00Z,19,3,1948,4267328,2436629,PRESERVED_SPECIMEN,FMNH,Mammals,88277,15,,,CC0_1_0,The Field Museum of Natural History,T. Harrisson,,,2018-12-06T12:23:49.994Z,,GEODETIC_DATUM_ASSUMED_WGS84;COORDINATE_ROUNDED
665716719,41fc5c40-5e81-496f-9733-6b5681b3b7a5,182f7d70-7268-4482-96cb-d74c9bfce2f4,Animalia,Chordata,Mammalia,Primates,Lorisidae,Nycticebus,Nycticebus coucang,coucang,SUBSPECIES,Nycticebus coucang coucang,ID,"Padang, Indaroeng",7b8aff00-a9f8-11d8-944b-b8a03c50a862,-0.95,100.349999,,,,,,,1921-01-01T00:00:00Z,,,1921,7262072,2436629,PRESERVED_SPECIMEN,FMNH,Mammals,21858,,,,CC0_1_0,The Field Museum of Natural History,J. C. L. J. Seelig,,,2018-12-06T12:23:41.490Z,,GEODETIC_DATUM_ASSUMED_WGS84;COORDINATE_ROUNDED
583495010,6ce7290f-47f6-4046-8356-371f5b6749df,urn:catalog:CAS:MAM:16581,Animalia,Chordata,Mammalia,Primates,Lorisidae,Nycticebus,Nycticebus coucang,,SPECIES,"Nycticebus coucang (Boddaert, 1785)",TH,Bangkok,66522820-055c-11d8-b84e-b8a03c50a862,13.75,100.51667,12579,,,,,,1974-02-06T00:00:00Z,6,2,1974,2436629,2436629,PRESERVED_SPECIMEN,CAS,MAM,16581,KH41,,,CC0_1_0,,?,,,2018-12-06T18:43:55.287Z,,
476868452,4bfac3ea-8763-4f4b-a71a-76a6f5f243d3,MCZ:Mamm:36116,Animalia,Chordata,Mammalia,Primates,Lorisidae,Nycticebus,Nycticebus coucang,,SPECIES,"Nycticebus coucang (Boddaert, 1785)",MY,Jesselton,b4640710-8e03-11d8-b956-b8a03c50a862,6.033333,116.166667,301,,,,,,1937-09-02T00:00:00Z,2,9,1937,2436629,2436629,PRESERVED_SPECIMEN,MCZ,Mamm,36116,,[no agent data],,CC_BY_NC_4_0,President and Fellows of Harvard College,"John A. Griswold, Jr.",,,2018-12-07T11:22:12.248Z,,
476868450,4bfac3ea-8763-4f4b-a71a-76a6f5f243d3,MCZ:Mamm:36041,Animalia,Chordata,Mammalia,Primates,Lorisidae,Nycticebus,Nycticebus coucang,,SPECIES,"Nycticebus coucang (Boddaert, 1785)",MY,Baram,b4640710-8e03-11d8-b956-b8a03c50a862,3.666667,114.75,301,,,,,,1700-01-01T00:00:00Z,1,1,1700,2436629,2436629,PRESERVED_SPECIMEN,MCZ,Mamm,36041,A 6 18,[no agent data],,CC_BY_NC_4_0,President and Fellows of Harvard College,Charles Hose,,,2018-12-07T11:22:12.596Z,,
476868339,4bfac3ea-8763-4f4b-a71a-76a6f5f243d3,MCZ:Mamm:36040,Animalia,Chordata,Mammalia,Primates,Lorisidae,Nycticebus,Nycticebus coucang,,SPECIES,"Nycticebus coucang (Boddaert, 1785)",MY,Baram,b4640710-8e03-11d8-b956-b8a03c50a862,3.666667,114.75,301,,,,,,1891-02-01T00:00:00Z,1,2,1891,2436629,2436629,PRESERVED_SPECIMEN,MCZ,Mamm,36040,A 6 12,[no agent data],,CC_BY_NC_4_0,President and Fellows of Harvard College,Charles Hose,,,2018-12-07T11:22:12.393Z,,
476805165,4bfac3ea-8763-4f4b-a71a-76a6f5f243d3,MCZ:Mamm:BOM-6924,Animalia,Chordata,Mammalia,Primates,Lorisidae,Nycticebus,Nycticebus coucang,,SPECIES,"Nycticebus coucang (Boddaert, 1785)",IN,[no specific locality data],b4640710-8e03-11d8-b956-b8a03c50a862,12.373746,75.815918,60957,,,,,,1861-01-01T00:00:00Z,1,1,1861,2436629,2436629,PRESERVED_SPECIMEN,MCZ,Mamm,BOM-6924,,[no agent data],,CC_BY_NC_4_0,President and Fellows of Harvard College,[no agent data],,,2018-12-07T11:21:39.260Z,,
